config_id,entry_model,htf,mtf,ltf,tp_mode,n_setups,final_equity,n_trades,win_rate,expectancy_R,sum_R,profit_factor,payoff_ratio,avg_win_R,avg_loss_R,max_consec_losses,total_return,cagr,ann_vol,sharpe,sortino,calmar,max_drawdown_pct,max_dd_duration_days,ulcer_index,mae_R_mean,mae_R_p95,mfe_R_mean,mfe_R_p95,expectancy_ci_lo,expectancy_ci_hi,p_value,drop_best_R,drop_best_delta,sr_per_period,n_daily,ret_skew,ret_kurt,n_stop_exits,median_stop_R,git_commit,code_hash,config_hash,bh_reject,bh_crit_p,psr,dsr
cascade_W1_H4_M15_fixed_3R,cascade,W1,H4,M15,fixed_3R,21,98408.4980164725,9,0.2222222222222222,-0.1625071940663786,-1.4625647465974074,0.8000594078557224,2.8002079274950282,2.926215913847554,-1.0449995106132166,6,-0.01591501983527499,-0.002533458267687916,0.021567459582861277,-0.10287123420114896,-0.009349453789547362,-0.03707240712548231,-0.06833811085189834,650,3.347212338403859,-0.7283913330517137,-1.154689001158149,1.6625345737425739,3.128849842313459,-1.1566480550629181,1.0658891615410382,0.6334,-0.5561820048509003,0.3936748107845217,-0.006480278637107676,1650,4.74396914951134,394.60776357433355,5,-1.2777410579535156,631f33d26a5b79e835b73061b3ef228c18b90a18,07f155612e0c70dc,2fa762e96cbfa0fa,False,0.0,0.3979416952903949,1.9143132298020474e-10
cascade_W1_H4_M15_HTF_level,cascade,W1,H4,M15,HTF_level,21,93573.8293448102,9,0.2222222222222222,-0.7327006862673104,-6.5943061764057935,0.13355293339843993,0.4674352668945397,0.5082185441753208,-1.087249037822348,7,-0.064261706551898,-0.010474144379058692,0.014989107276235893,-0.6708015639799623,-0.041978641031011725,-0.14216461520005938,-0.07367617015189809,644,3.5649609618190032,-0.7230343024303414,-1.154689001158149,1.6339660679272088,5.237282486589485,-1.2113546198369922,-0.16669657244672534,0.9942,-0.9468233656881009,0.21412267942079044,-0.04225652660390864,1646,-21.045998164171518,589.0077942640256,5,-1.2777410579535156,631f33d26a5b79e835b73061b3ef228c18b90a18,07f155612e0c70dc,8b5805971cb51780,False,0.0,0.00251091627454308,9.438834878200534e-38
cascade_W1_H4_M15_scale_2R_then_HTF,cascade,W1,H4,M15,scale_2R_then_HTF,21,95760.07954338743,9,0.4444444444444444,-0.47537533575343105,-4.278378021780879,0.3684279226372752,0.46053490329659397,0.6239485497062348,-1.3548344441211637,5,-0.04239920456612567,-0.006844609892002751,0.015355710502098231,-0.42417423488292755,-0.022533918456900184,-0.10388858421557422,-0.06588413870189846,644,3.06041553184185,-0.7230343024303414,-1.154689001158149,1.6339660679272088,5.237282486589485,-1.1168561156467176,0.2280856711007566,0.9086,-0.6573323463599865,0.18195701060655545,-0.026720465191936313,1646,-18.906835142329033,539.6962038186291,5,-1.2777410579535156,631f33d26a5b79e835b73061b3ef228c18b90a18,07f155612e0c70dc,868def0d3e6374d5,False,0.0,0.07930319032198668,4.6835039442099844e-21
cascade_W1_H4_M5_fixed_3R,cascade,W1,H4,M5,fixed_3R,63,89908.97696087357,23,0.2608695652173913,-0.44111345834813576,-10.145609542007122,0.6244427300343267,1.7692544017639256,2.8115339642927193,-1.5891066663390259,11,-0.10091023039126434,-0.01672168591513712,0.04417604108269836,-0.3463347013427862,-0.03886666087959077,-0.12203615892888735,-0.13702238797011912,1767,5.108558407472001,-1.0456742111132178,-1.9175492943297634,1.5075462213265527,3.2653810456210723,-1.2668350191758453,0.4349021066947179,0.8526,-0.5932767219594783,0.15216326361134258,-0.02181703547963905,1646,-5.114361533412731,191.89239590246567,14,-1.6008540116468142,631f33d26a5b79e835b73061b3ef228c18b90a18,07f155612e0c70dc,cc15e999eb199a9b,False,0.0,0.17695908493728957,1.2770322014682557e-13
cascade_W1_H4_M5_HTF_level,cascade,W1,H4,M5,HTF_level,63,105986.93925783758,23,0.08695652173913043,0.5784107273239207,13.303446728450178,1.4482791702819873,15.206931287960867,21.49007367178202,-1.4131762197673265,10,0.05986939257837576,0.009260371216436303,0.1719071948721549,0.11991590681467619,0.05852800843896128,0.06610915529215532,-0.14007698594108586,1134,3.9841972647611184,-1.0499487610019225,-1.9175492943297634,3.425070322660973,8.257947348611754,-1.6251199921433417,4.579032353349119,0.3614,-1.3482370460231905,1.9266477733471112,0.007553992087438781,1646,37.78219724097321,1506.016556069654,14,-1.6229151183096129,631f33d26a5b79e835b73061b3ef228c18b90a18,07f155612e0c70dc,c73bae8a785dc173,False,0.0,0.6394951988694975,7.330137663391486e-12
cascade_W1_H4_M5_scale_2R_then_HTF,cascade,W1,H4,M5,scale_2R_then_HTF,63,98896.62562653185,23,0.391304347826087,0.05658897609182569,1.3015464501119909,1.0523487630813404,1.636986964793196,2.9071700313360767,-1.7759274165651926,3,-0.011033743734681467,-0.0017573400112900206,0.09332667719565353,0.02349781225053588,0.005284321456043131,-0.015055154393760286,-0.11672680102293487,1134,3.2012684970400227,-1.0499487610019225,-1.9175492943297634,3.425070322660973,8.257947348611754,-1.3381810938003396,2.2745122011689496,0.5206,-0.9485069678928472,1.005095943984673,0.0014802230373572596,1646,31.648908107411977,1235.6429687538152,14,-1.6229151183096127,631f33d26a5b79e835b73061b3ef228c18b90a18,07f155612e0c70dc,2d9a7c97b57f9688,False,0.0,0.524508204835173,3.146281987038005e-10
cascade_W1_H4_M1_fixed_3R,cascade,W1,H4,M1,fixed_3R,420,21899.553917981004,107,0.14953271028037382,-1.3907955549506832,-148.8151243797231,0.22531654947273966,1.2814878751262069,2.7051783466987747,-2.1109667904055325,35,-0.7810044608201899,-0.21372210745831655,0.1674167467972565,-1.2916428346147226,-0.16351341563493704,-0.27137296730118465,-0.7875585751366163,1770,34.44248745255943,-1.048301544949777,-1.7317575169678199,1.196966343949756,3.3629217674971015,-1.7516321818716316,-1.0143934480093186,1.0,-1.431345540115191,0.04054998516450792,-0.08136585055021635,1647,-16.654372956087826,364.72970300156936,77,-2.048401690678803,631f33d26a5b79e835b73061b3ef228c18b90a18,07f155612e0c70dc,c6b83dbb141d10fb,False,0.0,1.5333396876912365e-11,3.890278469754165e-80
cascade_W1_H4_M1_HTF_level,cascade,W1,H4,M1,HTF_level,420,19289.786801443417,111,0.07207207207207207,-1.405959416253455,-156.0614952041335,0.22480283317691174,2.8943364771527387,5.657119854986636,-1.9545480975148215,39,-0.8071021319855658,-0.22936052042747745,0.2394717782931138,-0.9311507642781998,-0.16301396101368545,-0.2841778150966145,-0.8071021319855658,1771,32.151478012196335,-0.9806040421291008,-1.581552325854929,1.8461016251392428,6.613015069262884,-1.9340151626725641,-0.5396683652383155,0.9972,-1.7746715399925115,0.3687121237390565,-0.05865698465209149,1647,3.8203673705326753,376.76898231484967,74,-2.041671346820709,631f33d26a5b79e835b73061b3ef228c18b90a18,07f155612e0c70dc,46e069e01620bce7,False,0.0,0.027865395710952555,4.6371530181069634e-12
cascade_W1_H4_M1_scale_2R_then_HTF,cascade,W1,H4,M1,scale_2R_then_HTF,420,23893.895733373312,111,0.2072072072072072,-1.2539016892564807,-139.18308750746937,0.18754874846270922,0.7175778202051483,1.3969327160196463,-1.9467334088172867,16,-0.7610610426662668,-0.20279715499433837,0.1761156826137763,-1.1483324653051994,-0.16736648160661333,-0.26646634583195583,-0.7610610426662668,1771,30.55649174853272,-0.9806040421291008,-1.581552325854929,1.8461016251392428,6.613015069262884,-1.6458249820852997,-0.7331923182749868,1.0,-1.44986339281734,0.19596170356085918,-0.07233814584807773,1647,-7.684778563323773,281.1774157606309,74,-2.041671346820709,631f33d26a5b79e835b73061b3ef228c18b90a18,07f155612e0c70dc,4edcbb1362aeefdc,False,0.0,0.0005577332563615841,5.334450987466175e-24
cascade_W1_H1_M15_fixed_3R,cascade,W1,H1,M15,fixed_3R,19,92351.76627161317,11,0.09090909090909091,-0.7135791643201022,-7.849370807521123,0.2719294939832644,2.719294939832644,2.9316878161346134,-1.0781058623655737,10,-0.07648233728386822,-0.012070828984858895,0.018313773934380384,-0.6314715562808425,-0.06113755472763478,-0.11747945056089476,-0.10274842899952152,728,3.628268531737802,-0.8802566028834552,-1.12875165938574,1.0333868073296584,2.923467503070494,-1.2893283697320324,0.12438000878921329,0.9516,-1.0781058623655737,0.36452669804547155,-0.0397789689983342,1709,2.0424966838949135,342.112479672261,8,-1.2073621758236082,631f33d26a5b79e835b73061b3ef228c18b90a18,07f155612e0c70dc,8c87320eb63df5c6,False,0.0,0.06801718342473208,5.180737807227846e-13
cascade_W1_H1_M15_HTF_level,cascade,W1,H1,M15,HTF_level,19,90612.59904004792,11,0.09090909090909091,-0.890049180152231,-9.79054098167454,0.09187573099804948,0.9187573099804948,0.9905176419811961,-1.0781058623655737,10,-0.09387400959952075,-0.014933433023282872,0.014936377407653367,-0.9656144012058515,-0.07624746958714002,-0.14533976985042188,-0.10274842899952152,728,3.6306554156973685,-0.8802566028834552,-1.12875165938574,0.871330979291201,2.7067013884395674,-1.2897090319330924,-0.39995646637195253,0.9998,-1.0781058623655737,0.1880566822133427,-0.06082798971364836,1709,-13.23011493070749,227.4879024806199,8,-1.2073621758236082,631f33d26a5b79e835b73061b3ef228c18b90a18,07f155612e0c70dc,c02afb061053ee74,False,0.0,3.883735439651719e-05,3.8922025039128014e-43
cascade_W1_H1_M15_scale_2R_then_HTF,cascade,W1,H1,M15,scale_2R_then_HTF,19,92533.3064110317,11,0.2727272727272727,-0.6982701733910356,-7.680971907301391,0.2657278300320845,0.7086075467522254,0.9265628745236637,-1.3075825663590477,6,-0.07466693588968298,-0.011774660136476323,0.015692198094906257,-0.7212835183893206,-0.05361273638063419,-0.14062075814034708,-0.08373344228968371,728,2.860900410693373,-0.8802566028834552,-1.12875165938574,0.871330979291201,2.7067013884395674,-1.2441789030852584,-0.047241135188671436,0.9872,-0.8671489549282587,0.16887878153722313,-0.04543659081971013,1709,-10.559553127654429,195.21918017323998,8,-1.2073621758236084,631f33d26a5b79e835b73061b3ef228c18b90a18,07f155612e0c70dc,af53eaf7d72ac33a,False,0.0,0.008564097251662996,4.655977114635414e-25
cascade_W1_H1_M5_fixed_3R,cascade,W1,H1,M5,fixed_3R,76,82181.04416779845,27,0.18518518518518517,-0.7094922762004271,-19.15629145741153,0.4226293744950788,1.8595692477783468,2.8044417636283954,-1.5081136488887956,14,-0.17818955832201555,-0.029509319201774686,0.03946839959561434,-0.7133608039760154,-0.09483523248632979,-0.15606275455049973,-0.18908623833257976,971,7.827629766929325,-1.0021622347997914,-1.6634544365738686,1.363993995119422,3.1292878999745093,-1.3317014546069075,0.0020244713388703904,0.9744,-0.847950132968998,0.13845785676857092,-0.04493750672337222,1709,-1.308532727201912,103.07347673334297,20,-1.4743001807266944,631f33d26a5b79e835b73061b3ef228c18b90a18,07f155612e0c70dc,008cebf1afe8f836,False,0.0,0.03116337546836463,2.727749367415523e-16
cascade_W1_H1_M5_HTF_level,cascade,W1,H1,M5,HTF_level,76,97142.37455873183,28,0.17857142857142858,-0.005527313410944217,-0.15476477550643808,0.9951218817529214,4.577560656063438,6.3143124799511,-1.3794055293592145,9,-0.028576254412681745,-0.004415426860506,0.09577805945160307,-0.0019943515330553296,-0.0007237407276881252,-0.032204361477493185,-0.13710648675931147,515,3.9051426260504862,-0.932190143970374,-1.6602706295051262,2.5408186729336273,8.163820441780535,-1.2851573627793698,2.0682419877012466,0.5596,-0.8462886462469761,0.8407613328360318,-0.00012563233769773366,1709,31.659686356566286,1181.966613406492,18,-1.4743001807266944,631f33d26a5b79e835b73061b3ef228c18b90a18,07f155612e0c70dc,b89b42bfa1a161f3,False,0.0,0.49793276188975705,2.6991790028154306e-10
cascade_W1_H1_M5_scale_2R_then_HTF,cascade,W1,H1,M5,scale_2R_then_HTF,76,91933.3901138369,28,0.35714285714285715,-0.2624679589041611,-7.34910284931651,0.7505997483601047,1.3510795470481887,2.2117999934235417,-1.6370612657528847,5,-0.08066609886163101,-0.01275526076496758,0.0577548310760525,-0.18724245371388978,-0.03800756560694614,-0.1079520201461015,-0.11815675841642148,515,3.8802773194696236,-0.932190143970374,-1.6602706295051262,2.5408186729336273,8.163820441780535,-1.1349921618799141,0.9404386730161639,0.7138,-0.7230329458438738,0.4605649869397127,-0.011795165890487494,1709,21.570120519735763,757.1479148234882,18,-1.4743001807266942,631f33d26a5b79e835b73061b3ef228c18b90a18,07f155612e0c70dc,843c4475694aacd3,False,0.0,0.3333268538761221,1.59180330403044e-09
cascade_W1_H1_M1_fixed_3R,cascade,W1,H1,M1,fixed_3R,560,7996.086081708173,205,0.17560975609756097,-1.207346570179794,-247.5060468868578,0.28435826962877436,1.3349040990906351,2.7318290481474063,-2.046460903077896,14,-0.9200391391829182,-0.3199462370432622,0.1826974080783227,-1.9392426637925722,-0.33499658394174625,-0.34775285465290606,-0.9200391391829182,971,45.70479302676838,-1.0662364728523042,-1.6799734465802185,1.2467715256978937,3.4813029595552103,-1.4637190858624978,-0.937857492687338,1.0,-1.2276442645271874,0.02029769434739337,-0.12216080524289492,1709,-8.674729284608594,94.4678739926561,148,-2.0105705311269184,631f33d26a5b79e835b73061b3ef228c18b90a18,07f155612e0c70dc,d1f28be14ebd8baa,False,0.0,2.96225495538073e-21,9.224232195073879e-98
cascade_W1_H1_M1_HTF_level,cascade,W1,H1,M1,HTF_level,560,4741.195329305296,202,0.06930693069306931,-1.4701462053492937,-296.96953348055735,0.1633457712295353,2.193500356510903,4.141386336362349,-1.888026288242714,59,-0.9525880467069471,-0.37209026635659215,0.23523586481771927,-1.7897022392694375,-0.3759623534523926,-0.3906098419383815,-0.9525880467069471,971,46.97223398319048,-1.0634671535193307,-1.775688696547315,1.7404563159311401,6.481458207858484,-1.7759630365806303,-1.0478919145467693,1.0,-1.6225368185776752,0.15239061322838143,-0.11274064395148446,1709,-0.4089946364550111,130.471828459648,140,-2.0098938613168618,631f33d26a5b79e835b73061b3ef228c18b90a18,07f155612e0c70dc,d2e83bc3b1466e85,False,0.0,3.337429134302485e-05,6.644303304145591e-21
cascade_W1_H1_M1_scale_2R_then_HTF,cascade,W1,H1,M1,scale_2R_then_HTF,560,7669.577274565755,202,0.24752475247524752,-1.2477420772057901,-252.0438995955696,0.17599780972099474,0.535033341551824,1.076676125517061,-2.012353328101465,15,-0.9233042272543425,-0.3242599249900622,0.1852729906867914,-1.9449271161237809,-0.3555535920472456,-0.3511951049485863,-0.9233042272543425,971,45.298366728131626,-1.0634671535193307,-1.775688696547315,1.7404563159311401,6.481458207858484,-1.49259425820763,-0.9679628366474383,1.0,-1.3307597203301023,0.08301764312431215,-0.12251889208118015,1709,-5.536991155281991,84.89087663971692,140,-2.0098938613168618,631f33d26a5b79e835b73061b3ef228c18b90a18,07f155612e0c70dc,97c037910e4eb073,False,0.0,1.097543866608821e-10,1.1306176214105861e-45
cascade_D1_H4_M15_fixed_3R,cascade,D1,H4,M15,fixed_3R,243,61757.57025606514,103,0.18446601941747573,-0.45348376020102504,-46.70882730070558,0.542832002066925,2.3998888512432472,2.9190059755154176,-1.2163088194702205,15,-0.3824242974393486,-0.05854317133096232,0.0633668212127785,-0.8879615797908966,-0.2291338770702164,-0.139735436007423,-0.418957230919238,2630,23.314344575207063,-0.9470778466935513,-1.28749528192206,1.369945138979131,3.308122255421022,-0.7590824548463416,-0.12195043100203166,0.995,-0.4872143559834365,0.03373059578241144,-0.055936321759684514,2084,0.6445925355973726,44.46619627118313,72,-1.2674810361326503,631f33d26a5b79e835b73061b3ef228c18b90a18,07f155612e0c70dc,9f174558a60bd521,False,0.0,0.006794584290413218,4.431195269539299e-20
cascade_D1_H4_M15_HTF_level,cascade,D1,H4,M15,HTF_level,243,72294.07624396193,110,0.39090909090909093,-0.284918153055014,-31.34099683605154,0.5911638499653195,0.9211157662250327,1.0539085526344731,-1.14416514327364,8,-0.27705923756038076,-0.039795589865119885,0.052483338831908255,-0.7213044547658998,-0.1684551716596469,-0.12873952425434243,-0.3091171114357879,2630,18.530183967169684,-0.7348539969645767,-1.3174812515815404,1.0111417637883016,3.763585081995676,-0.535537978226288,-0.0119252727915619,0.979,-0.3350588424088522,0.0501406893538382,-0.04543790968746688,2084,2.2222974360961882,93.21282283632635,52,-1.2981721683163845,631f33d26a5b79e835b73061b3ef228c18b90a18,07f155612e0c70dc,59346afb382695f5,False,0.0,0.0264943704236908,3.765932703114017e-17
cascade_D1_H4_M15_scale_2R_then_HTF,cascade,D1,H4,M15,scale_2R_then_HTF,243,74999.4978636134,110,0.4636363636363636,-0.25338194396979125,-27.872013836677038,0.6206537515125199,0.71801120273017,0.8941528479131357,-1.2453187979702873,6,-0.25000502136386593,-0.03536973051726444,0.04763573552509729,-0.7063672642531171,-0.14275501329639986,-0.12700101090627047,-0.2784995982698758,2630,16.7331333254088,-0.7348539969645767,-1.3174812515815404,1.0111417637883016,3.763585081995676,-0.4828971156410859,-0.008414557265923496,0.9788,-0.2882260044680167,0.03484406049822547,-0.04449695513073316,2084,-1.0857799785285633,63.82738008502961,52,-1.2981721683163845,631f33d26a5b79e835b73061b3ef228c18b90a18,07f155612e0c70dc,c68d0adac5a2d753,False,0.0,0.020253293018387734,1.4696466506056357e-19
cascade_D1_H4_M5_fixed_3R,cascade,D1,H4,M5,fixed_3R,894,24989.751020836862,335,0.2507462686567164,-0.39479471841106073,-132.25623066770535,0.6441724017578466,1.924848486204994,2.850357541309089,-1.480821769472784,18,-0.7501024897916314,-0.15924650825141362,0.1296609626739603,-1.226340360245018,-0.41428876095120537,-0.20730380805649506,-0.7681793679738641,2639,40.95945206403403,-0.9643611814935591,-1.5758766270386195,1.4462156627674942,3.2800262516314014,-0.6003004878599894,-0.1833278166107165,1.0,-0.4048959104389368,0.010101192027876071,-0.07725218133165901,2086,-0.9709052128276909,19.727357015184587,221,-1.5044965963994932,631f33d26a5b79e835b73061b3ef228c18b90a18,07f155612e0c70dc,03faf83415405e24,False,0.0,0.0001510272072664053,9.012898726861375e-27
cascade_D1_H4_M5_HTF_level,cascade,D1,H4,M5,HTF_level,894,9695.27059934667,369,0.2791327913279133,-0.619546002951137,-228.61247508896957,0.36069279416467276,0.9314978956097374,1.2522486366384238,-1.3443386641455912,19,-0.9030472940065333,-0.2532249551783041,0.12110591595758301,-2.2667450887014238,-0.7397349976724245,-0.27924245657743996,-0.9068282749048204,2638,58.01672983300791,-0.8370828509587144,-1.5355760565326637,1.286465656421395,4.561508919732874,-0.7752100105021794,-0.4523964640058041,1.0,-0.6540908186337494,0.03454481568261236,-0.1427915188162146,2085,-0.4036213627483555,56.53896192238958,196,-1.5268327510254034,631f33d26a5b79e835b73061b3ef228c18b90a18,07f155612e0c70dc,26d1b0449a0f6961,False,0.0,1.9492875249459587e-09,6.027373776101738e-34
cascade_D1_H4_M5_scale_2R_then_HTF,cascade,D1,H4,M5,scale_2R_then_HTF,894,15239.596381264559,369,0.4092140921409214,-0.4993782244632487,-184.27056482693877,0.4309638328027296,0.6221861957019539,0.9242298146327936,-1.4854553524609662,13,-0.8476040361873545,-0.20974596716193006,0.10605912456702829,-2.089091069635549,-0.5980018978091933,-0.24554223196536323,-0.8542154458851596,2638,50.607554657801906,-0.8370828509587144,-1.5355760565326637,1.286465656421395,4.561508919732874,-0.6440805544570862,-0.3519212761768371,1.0,-0.5197089791378291,0.020330754674580398,-0.13160036753384718,2085,-3.028560030047551,37.112406725026794,196,-1.5268327510254034,631f33d26a5b79e835b73061b3ef228c18b90a18,07f155612e0c70dc,8353a50dc89e3dee,False,0.0,2.5766723754070374e-12,8.946005932957374e-50
cascade_D1_H4_M1_fixed_3R,cascade,D1,H4,M1,fixed_3R,5308,10.163014612478543,796,0.19472361809045227,-1.2425489501608586,-989.0689643280434,0.2970327390549759,1.228374101511223,2.696274454895208,-2.1949945473273016,28,-0.9998983698538753,-0.6836312190185055,0.34019036365223426,-3.0732826417092145,-0.818480192332615,-0.6836998901372267,-0.999899559558643,2841,89.96309938074215,-1.0972943152516608,-1.9830960093214944,1.2840679882845991,3.4127637073983177,-1.3941363242229132,-1.0950676994866904,1.0,-1.247809590187883,0.00526064002702431,-0.19359860901367149,2084,-6.004274303342805,47.30699061437502,555,-2.095314519023114,631f33d26a5b79e835b73061b3ef228c18b90a18,07f155612e0c70dc,e7f3c370ad797f45,False,0.0,8.389688189941651e-65,1.0108851333001878e-199
cascade_D1_H4_M1_HTF_level,cascade,D1,H4,M1,HTF_level,5308,9.63389468868764,703,0.15220483641536273,-1.4072255987864657,-989.2795959468854,0.209498974214508,1.166928865718194,2.4502744816946787,-2.099763364913114,44,-0.9999036610531131,-0.6857414803983268,0.3731151379171392,-2.788532326785597,-0.7944903997783355,-0.6858075503754971,-0.9999036610531131,2841,90.1325309169241,-1.056845358406989,-2.0075337939774873,1.5394769323292092,5.6543865061887715,-1.582896765537633,-1.2211427704836235,1.0,-1.4438675299549437,0.036641931168478026,-0.1756610252271187,2084,-4.087068916060484,44.13621781051757,454,-2.156200581491455,631f33d26a5b79e835b73061b3ef228c18b90a18,07f155612e0c70dc,9ee0d4530f2338ab,False,0.0,7.695350206399591e-25,1.3295804008521387e-80
cascade_D1_H4_M1_scale_2R_then_HTF,cascade,D1,H4,M1,scale_2R_then_HTF,5308,9.626187341189276,791,0.24905183312262957,-1.2529595346111935,-991.090991877454,0.21362491435931796,0.6441279143626135,1.3666882442126884,-2.1217652794399897,26,-0.9999037381265881,-0.6857729612932935,0.35313559429977753,-2.96707469128715,-0.8354350311907033,-0.6858389814385056,-0.9999037381265881,2841,89.04285693498335,-1.034435644229512,-1.9777723599342578,1.5006860039642418,5.664755169143136,-1.3996447527028046,-1.0975949503476277,1.0,-1.278709503763987,0.025749969152793595,-0.18690813701189385,2084,-5.046371731379116,44.216116820524576,503,-2.1552313234790352,631f33d26a5b79e835b73061b3ef228c18b90a18,07f155612e0c70dc,ae63db41557daaab,False,0.0,1.2478214577433065e-38,5.499801997067923e-121
cascade_D1_H1_M15_fixed_3R,cascade,D1,H1,M15,fixed_3R,166,89623.85369254928,75,0.25333333333333335,-0.12906025168537552,-9.679518876403163,0.8518641508279337,2.5107574971770674,2.929613585366022,-1.1668245892563855,10,-0.10376146307450718,-0.013614136083899497,0.0576696798174933,-0.20105185527733752,-0.05199110521371323,-0.0712626104055377,-0.1910417820288206,2250,8.672066724267827,-0.9330150128214317,-1.3846451149872716,1.5292082212279874,3.170715782522423,-0.5392243519250153,0.2814572039121494,0.7352,-0.1711696741352446,0.042109422449869066,-0.012665076421237716,2085,4.353076486704586,77.13244611776072,46,-1.277183861164124,631f33d26a5b79e835b73061b3ef228c18b90a18,07f155612e0c70dc,0b6a30a0be2c8d44,False,0.0,0.2870405746451478,2.329534583080632e-13
cascade_D1_H1_M15_HTF_level,cascade,D1,H1,M15,HTF_level,166,79487.53042181928,77,0.36363636363636365,-0.28956707382350805,-22.296664684410118,0.5665506429787507,0.9914636252128137,1.0408358561560593,-1.0497973195261179,19,-0.20512469578180725,-0.028317084035571094,0.04135768358414389,-0.6502335538412584,-0.12381704429172403,-0.1019430040403302,-0.27777368640587075,2631,16.965887392354173,-0.7440143689469735,-1.368352868232027,1.027237591622296,3.6657755239400927,-0.5693594318397395,0.0010675372512280587,0.9742,-0.3615405483016246,0.07197347447811653,-0.0409608637517547,2085,1.5754100030366256,120.68934702883013,34,-1.3308954155429245,631f33d26a5b79e835b73061b3ef228c18b90a18,07f155612e0c70dc,4b711915308985cc,False,0.0,0.03827565437193946,6.562162381794201e-17
cascade_D1_H1_M15_scale_2R_then_HTF,cascade,D1,H1,M15,scale_2R_then_HTF,166,86038.45831855728,77,0.4805194805194805,-0.18730166363711695,-14.422228100058005,0.7029483520606731,0.7599441643899169,0.9224059316090695,-1.2137811892398396,7,-0.13961541681442713,-0.01864037224140791,0.03827939860612647,-0.45560600185815,-0.0779480469649757,-0.08248394609214343,-0.2259878815761871,2250,12.534247501010137,-0.7440143689469735,-1.368352868232027,1.027237591622296,3.6657755239400927,-0.46287145846689787,0.09300076565275453,0.9126,-0.2364059046104578,0.049104240973340846,-0.028700480398692774,2085,-1.2031452189777863,78.50443506222764,34,-1.3308954155429245,631f33d26a5b79e835b73061b3ef228c18b90a18,07f155612e0c70dc,bdb0443ffd5f5c06,False,0.0,0.09299438569823065,7.827474612300548e-17
cascade_D1_H1_M5_fixed_3R,cascade,D1,H1,M5,fixed_3R,626,37874.00812074817,250,0.256,-0.36948396686044915,-92.37099171511228,0.6631597438500065,1.9273080055640814,2.841513989501801,-1.4743434787270295,13,-0.6212599187925183,-0.11443507444764278,0.10881981545025926,-1.0241990157717082,-0.3421891742348367,-0.1692397100607652,-0.6761715344853467,2644,44.45942179323868,-0.9803428554527286,-1.597974216305067,1.4371938618771942,3.409157824742805,-0.607625718041659,-0.12804954798105167,0.9986,-0.38293170736550924,0.01344774050506009,-0.06451847354212048,2084,0.032474257775971925,21.048079957867746,164,-1.5036906614508976,631f33d26a5b79e835b73061b3ef228c18b90a18,07f155612e0c70dc,8ebd89da4cf0ea31,False,0.0,0.0017991480642106227,1.559840733113293e-22
cascade_D1_H1_M5_HTF_level,cascade,D1,H1,M5,HTF_level,626,22718.69797351005,278,0.27697841726618705,-0.5147994877207446,-143.114257586367,0.486827554960237,1.2708095915195796,1.763209835899607,-1.3874697261225706,26,-0.7728130202648995,-0.1693125563321296,0.12007242149450313,-1.433030511366056,-0.5058611077379906,-0.21174843232629426,-0.7995929626115343,2644,56.77027920059199,-0.8855357787523453,-1.5152536082596009,1.411687420168573,5.378429816521947,-0.7254045278901514,-0.27908982424765616,1.0,-0.5756658895593163,0.060866401838571726,-0.09027243700576912,2084,4.420219103251095,122.57432330606066,158,-1.5223933202867947,631f33d26a5b79e835b73061b3ef228c18b90a18,07f155612e0c70dc,6d904da389316b9f,False,0.0,0.0006621930509309518,5.717563963655921e-18
cascade_D1_H1_M5_scale_2R_then_HTF,cascade,D1,H1,M5,scale_2R_then_HTF,626,26614.57856844327,278,0.38489208633093525,-0.46337654479320767,-128.81867945251173,0.5003506580270469,0.7996258179684581,1.20560272406374,-1.5077086019142216,11,-0.7338542143155673,-0.1526917338367031,0.09822646738279713,-1.579819341088812,-0.46564704128274037,-0.20202049722528242,-0.7558229780339044,2644,52.474638440479964,-0.8855357787523453,-1.5152536082596009,1.411687420168573,5.378429816521947,-0.6400041866869225,-0.27934130326791423,1.0,-0.49747806776603937,0.0341015229728317,-0.0995192641174029,2084,-0.27192252477423806,41.54352716086735,158,-1.5223933202867945,631f33d26a5b79e835b73061b3ef228c18b90a18,07f155612e0c70dc,99f261749b528f2f,False,0.0,5.821775213344643e-06,1.7449773221866913e-28
cascade_D1_H1_M1_fixed_3R,cascade,D1,H1,M1,fixed_3R,4087,10.085284231733274,702,0.1794871794871795,-1.4143112095137118,-992.8464690786257,0.25647165598776156,1.1724418559440528,2.718024690821343,-2.3182596877120045,27,-0.9998991471576827,-0.7655638172186923,0.365713470444436,-3.6213239480300583,-1.1790396046718323,-0.7656410342931955,-0.9998991471576827,2074,84.44944294256378,-1.1303397172068415,-2.0144091460050007,1.1751300966554736,3.297896929276564,-1.5802412675045157,-1.2510500083964768,1.0,-1.420541023418636,0.006229813904924164,-0.2281219662688125,1655,-4.83652005997813,32.6608693263998,511,-2.169055148733601,631f33d26a5b79e835b73061b3ef228c18b90a18,07f155612e0c70dc,f67e33e87f12bd9c,False,0.0,6.433967970391712e-63,2.6896964688809286e-169
cascade_D1_H1_M1_HTF_level,cascade,D1,H1,M1,HTF_level,4087,9.137931925204681,664,0.1280120481927711,-1.475793907314069,-979.9271544565418,0.21068355298965388,1.4351267903648186,3.0771902530559707,-2.144193999941795,83,-0.9999086206807479,-0.7691811126534323,0.41597446821364464,-3.178928466076347,-1.1905687936131952,-0.7692514063232758,-0.9999086206807479,2074,85.7863459667415,-1.0893562718237892,-1.9999581403349356,1.5155714003271519,6.280625173864829,-1.689432483761214,-1.2510678396515071,1.0,-1.529058140000477,0.05326423268640812,-0.20025367040242958,1655,-1.0916100058299398,43.49723195531437,447,-2.1859763590921446,631f33d26a5b79e835b73061b3ef228c18b90a18,07f155612e0c70dc,d8decbca0f060097,False,0.0,6.238184362952982e-14,8.287996281284983e-39
cascade_D1_H1_M1_scale_2R_then_HTF,cascade,D1,H1,M1,scale_2R_then_HTF,4087,9.54542488598142,712,0.25,-1.393520371540328,-992.1865045367134,0.18953470276029358,0.5686041082808807,1.3035498018723561,-2.292543762677889,30,-0.9999045457511402,-0.767588192932239,0.369813556417249,-3.6018047002503493,-1.2397829352524161,-0.767661469481187,-0.9999045457511402,2074,84.6243040153522,-1.076110283857174,-2.0073518345301773,1.4780345324698656,6.212871382600783,-1.5555320769496923,-1.2288083774588427,1.0,-1.4205918538654803,0.02707148232515233,-0.22689236923538014,1655,-3.920373511473554,31.922745297722056,477,-2.200781007209887,631f33d26a5b79e835b73061b3ef228c18b90a18,07f155612e0c70dc,d0fbb8791f71223b,False,0.0,1.328335385881784e-38,5.467498791914034e-103
direct_W1_fixed_3R,direct,W1,-,-,fixed_3R,12,99596.80085443995,5,0.4,-0.050281909764066636,-0.2514095488203332,0.9211866881071435,1.3817800321607154,1.4692640372172039,-1.0633125410849136,3,-0.004031991455600514,-0.000522776773839273,0.011720510832307207,-0.03729276877736795,-0.0026259055285759118,-0.01680831077048791,-0.031102279162827373,2135,2.2260552593688456,-0.7284723016970258,-1.1728933530910557,1.6660114760594162,2.957145014987484,-1.0707094478857786,1.534974582303551,0.6232,-0.7920740843146208,0.7417921745505541,-0.00234922361633214,2016,22.008631199826194,1048.1375223899643,3,-1.0661808763811995,631f33d26a5b79e835b73061b3ef228c18b90a18,07f155612e0c70dc,050f9503db16d9cf,False,0.0,0.45907737459050885,1.1957468822853069e-11
direct_W1_HTF_level,direct,W1,-,-,HTF_level,12,99528.50169251932,6,0.6666666666666666,-0.07835721628763977,-0.4701432977258386,0.7697569065490883,0.3848784532745442,0.3929499524481783,-1.020971553759276,2,-0.004714983074806778,-0.0006419888976810784,0.006120844081571175,-0.09827352262226266,-0.0037879607941736855,-0.03226056190657468,-0.019900115179030453,2150,1.208528803947981,-0.5775817082242146,-1.1584358175729927,0.2995031770529763,0.698742565606147,-0.614929293026652,0.4481945267316332,0.6062,-0.24777534388633962,0.16941812759869984,-0.0061906500314473124,1920,-13.287667175277502,561.0658421416805,2,-1.020971553759276,631f33d26a5b79e835b73061b3ef228c18b90a18,07f155612e0c70dc,34517e6bcaedba21,False,0.0,0.38887246377507906,4.73508959056357e-13
direct_W1_scale_2R_then_HTF,direct,W1,-,-,scale_2R_then_HTF,12,99528.50169251932,6,0.6666666666666666,-0.07835721628763977,-0.4701432977258386,0.7697569065490883,0.3848784532745442,0.3929499524481783,-1.020971553759276,2,-0.004714983074806778,-0.0006419888976810784,0.006120844081571175,-0.09827352262226266,-0.0037879607941736855,-0.03226056190657468,-0.019900115179030453,2150,1.208528803947981,-0.5775817082242146,-1.1584358175729927,0.2995031770529763,0.698742565606147,-0.614929293026652,0.4481945267316332,0.6062,-0.24777534388633962,0.16941812759869984,-0.0061906500314473124,1920,-13.287667175277502,561.0658421416805,2,-1.020971553759276,631f33d26a5b79e835b73061b3ef228c18b90a18,07f155612e0c70dc,353a539fd506c7de,False,0.0,0.38887246377507906,4.73508959056357e-13
direct_D1_fixed_3R,direct,D1,-,-,fixed_3R,123,112482.37289095356,56,0.2857142857142857,0.22685558926488802,12.70391299883373,1.3661757369871859,3.4154393424679648,2.96233747056166,-0.8673371632538209,6,0.12482372890953553,0.015242828643521333,0.046621388947618525,0.33649823621265074,0.10418198100603283,0.2742359438004433,-0.055582898551815196,389,2.0114397885945072,-0.7657270097011709,-1.0794110423796415,1.5066312441582288,3.04611382525207,-0.22318880951554443,0.7098367641853783,0.169,0.17631221091262653,0.0505433783522615,0.021197396419774833,2028,7.171660103041874,82.19876771905395,32,-1.0621289646483842,631f33d26a5b79e835b73061b3ef228c18b90a18,07f155612e0c70dc,bf3d8077c683d56b,False,0.0,0.8486932967554659,1.6771839862170888e-10
direct_D1_HTF_level,direct,D1,-,-,HTF_level,123,95466.27443087187,65,0.6307692307692307,-0.06903629411938723,-4.48735911776017,0.7989904050382003,0.4677017005101661,0.4350425599034794,-0.9301710030751176,4,-0.04533725569128133,-0.005961888245571978,0.02252704184439385,-0.24516988077686167,-0.03528413927957763,-0.10832517735627385,-0.05503695808374953,2526,2.5396777499594756,-0.4781008637646399,-1.045172955658224,0.4852238498262775,1.6154226343948075,-0.2603968843464376,0.12728809485303558,0.7506,-0.09670566070587623,0.027669366586488997,-0.015444250797593597,2024,-0.28972643764627726,71.8558849969247,21,-1.0618841571065387,631f33d26a5b79e835b73061b3ef228c18b90a18,07f155612e0c70dc,24392d210271fd02,False,0.0,0.24361081104987925,4.372473366017319e-14
direct_D1_scale_2R_then_HTF,direct,D1,-,-,scale_2R_then_HTF,123,96410.2598179751,65,0.6461538461538462,-0.05353895536439894,-3.480032098685931,0.8439433814224774,0.4621594707789757,0.4480898211349532,-0.9695567211458247,4,-0.03589740182024903,-0.004700508880000287,0.022800699512805535,-0.18822793704422697,-0.026828104122764054,-0.08532454041168085,-0.05508976499985685,2526,2.54707128075477,-0.4781008637646399,-1.045172955658224,0.4852238498262775,1.6154226343948075,-0.24304263525732742,0.1470342476390215,0.6926,-0.08096617603284124,0.027427220668442304,-0.011857245505089207,2024,-0.1321013929473632,69.67417428352984,21,-1.0618841571065385,631f33d26a5b79e835b73061b3ef228c18b90a18,07f155612e0c70dc,e1c44fa0b1f88058,False,0.0,0.29698679766586306,1.5129361558626423e-13
