config_id,n_pos,n_pos_sig,mean_ER,min_ER,max_ER
cascade_W1_H4_M15_fixed_3R,4,0,0.11965071984754103,-0.171099204787219,0.4208942160955381
direct_W1_fixed_3R,3,0,0.022959077550664574,-0.2043537696696291,0.1611096585519193
cascade_W1_H4_M15_HTF_level,2,0,0.15301375328983774,-0.5416667350554364,1.9958102087830003
direct_W1_scale_2R_then_HTF,2,0,-0.024595437512256006,-0.2371195828783651,0.2092113609995518
direct_W1_HTF_level,2,0,-0.03846420252210514,-0.2371195828783651,0.2092113609995518
direct_D1_fixed_3R,2,0,-0.06647601851823583,-0.2398489960465895,0.2561142380824859
cascade_W1_H4_M15_scale_2R_then_HTF,1,0,0.03342247052766103,-0.3156238513495747,0.964861454585151
cascade_W1_H4_M5_HTF_level,1,0,-0.0322298635673813,-0.5909754935044882,1.046764308198614
cascade_W1_H1_M15_fixed_3R,1,0,-0.04077331072452854,-0.5454861253972045,0.675071642871841
cascade_W1_H4_M5_scale_2R_then_HTF,1,0,-0.15250602223101703,-0.4412779406125842,0.4517192896055323
cascade_W1_H1_M15_scale_2R_then_HTF,1,0,-0.20577985003786808,-0.5401936261919071,0.0623590370087888
cascade_W1_H1_M15_HTF_level,1,0,-0.22855643687336952,-0.7219561412293335,0.3810711426244945
cascade_D1_H1_M15_fixed_3R,1,0,-0.24520824105456915,-0.4004708363696238,0.0458115187331729
cascade_W1_H1_M5_scale_2R_then_HTF,1,0,-0.29050753905375337,-0.513830578268987,0.0420242139329167
cascade_W1_H1_M5_HTF_level,1,0,-0.2954699658294567,-0.6981007424776806,0.3265809112649309
cascade_W1_H1_M1_HTF_level,1,0,-0.4267974016368905,-0.7402569995216793,0.098451910935115
direct_D1_scale_2R_then_HTF,0,0,-0.10744666680892886,-0.2382903093501921,-0.0259170705720966
direct_D1_HTF_level,0,0,-0.130761828897128,-0.2746405110740156,-0.0377247950579683
cascade_W1_H4_M5_fixed_3R,0,0,-0.19458556054153503,-0.2884931669904663,-0.0551885690294954
cascade_D1_H4_M15_scale_2R_then_HTF,0,0,-0.20128103791255364,-0.3929241875562148,-0.1128340927421438
cascade_D1_H4_M15_fixed_3R,0,0,-0.22800495815545335,-0.4509859343703323,-0.043342847185447
cascade_D1_H1_M5_fixed_3R,0,0,-0.23343648205508546,-0.3835695183415172,-0.0688414347988132
cascade_D1_H4_M15_HTF_level,0,0,-0.23490081921761985,-0.4378543029630733,-0.1316836117903339
cascade_D1_H4_M5_fixed_3R,0,0,-0.23913624405575828,-0.405167852548247,-0.086569648039862
cascade_W1_H1_M5_fixed_3R,0,0,-0.2554533321685373,-0.5170541671567142,-0.0534887751536945
cascade_D1_H1_M5_scale_2R_then_HTF,0,0,-0.2565848396114217,-0.3733738287968849,-0.1959640465472386
cascade_D1_H1_M5_HTF_level,0,0,-0.26697754617656566,-0.4254038094717759,-0.169040344249769
cascade_D1_H4_M5_scale_2R_then_HTF,0,0,-0.27492289040513646,-0.3876104673545421,-0.1688999765349439
cascade_D1_H4_M5_HTF_level,0,0,-0.30685269883346894,-0.4258516186638004,-0.1497052904767497
cascade_D1_H1_M15_scale_2R_then_HTF,0,0,-0.3169999232098833,-0.4751169160762107,-0.0479982650979828
cascade_D1_H1_M15_HTF_level,0,0,-0.3356307464832543,-0.5031174782739166,-0.1368947085155571
cascade_W1_H1_M1_scale_2R_then_HTF,0,0,-0.44484038262864783,-0.6113737782146217,-0.1832610838747896
cascade_W1_H4_M1_HTF_level,0,0,-0.4703127578410055,-0.638455455793785,-0.1116072191973723
cascade_D1_H1_M1_scale_2R_then_HTF,0,0,-0.4950010612808571,-0.655049168902584,-0.3441905061336454
cascade_D1_H1_M1_fixed_3R,0,0,-0.5062865309596154,-0.6799755986532372,-0.4010325648485662
cascade_D1_H1_M1_HTF_level,0,0,-0.5096261445622978,-0.7349310048039295,-0.2994138206113164
cascade_W1_H4_M1_scale_2R_then_HTF,0,0,-0.511254175470158,-0.5836200579552223,-0.346366537830199
cascade_W1_H1_M1_fixed_3R,0,0,-0.5237726016662713,-0.6410161830102123,-0.3736276656387014
cascade_D1_H4_M1_scale_2R_then_HTF,0,0,-0.5376032302743468,-0.6987741625480011,-0.4160601253211617
cascade_D1_H4_M1_fixed_3R,0,0,-0.542320366262168,-0.6945623626183232,-0.415411666504598
cascade_D1_H4_M1_HTF_level,0,0,-0.5590894365392008,-0.7394006636031792,-0.416667725025686
cascade_W1_H4_M1_fixed_3R,0,0,-0.5872528711300392,-0.6556223740602483,-0.4835148102104865
