config_id,instrument,n_trades,expectancy_R,p_value,bh_reject_global,bh_crit_p
cascade_W1_H4_M15_fixed_3R,XAUUSD,17,0.3070822341678962,0.2264,False,0.0
cascade_W1_H4_M15_HTF_level,XAUUSD,17,1.9958102087830003,0.0902,False,0.0
cascade_W1_H4_M15_scale_2R_then_HTF,XAUUSD,17,0.964861454585151,0.143,False,0.0
cascade_W1_H4_M5_fixed_3R,XAUUSD,48,-0.1944477615624543,0.7828,False,0.0
cascade_W1_H4_M5_HTF_level,XAUUSD,46,-0.15915380046917,0.663,False,0.0
cascade_W1_H4_M5_scale_2R_then_HTF,XAUUSD,46,-0.256534218700758,0.816,False,0.0
cascade_W1_H4_M1_fixed_3R,XAUUSD,257,-0.5598701271957939,1.0,False,0.0
cascade_W1_H4_M1_HTF_level,XAUUSD,202,-0.1116072191973723,0.6234,False,0.0
cascade_W1_H4_M1_scale_2R_then_HTF,XAUUSD,202,-0.346366537830199,0.9266,False,0.0
cascade_W1_H1_M15_fixed_3R,XAUUSD,20,-0.060858343473834,0.6072,False,0.0
cascade_W1_H1_M15_HTF_level,XAUUSD,19,-0.2563683703972556,0.7382,False,0.0
cascade_W1_H1_M15_scale_2R_then_HTF,XAUUSD,19,-0.2920717656419028,0.7642,False,0.0
cascade_W1_H1_M5_fixed_3R,XAUUSD,49,-0.0534887751536945,0.6174,False,0.0
cascade_W1_H1_M5_HTF_level,XAUUSD,48,-0.1054636048525011,0.6312,False,0.0
cascade_W1_H1_M5_scale_2R_then_HTF,XAUUSD,48,-0.1079111442987174,0.672,False,0.0
cascade_W1_H1_M1_fixed_3R,XAUUSD,267,-0.5981966213164691,1.0,False,0.0
cascade_W1_H1_M1_HTF_level,XAUUSD,214,-0.6337437122472801,0.984,False,0.0
cascade_W1_H1_M1_scale_2R_then_HTF,XAUUSD,214,-0.5874624160515114,0.9998,False,0.0
cascade_D1_H4_M15_fixed_3R,XAUUSD,58,-0.043342847185447,0.584,False,0.0
cascade_D1_H4_M15_HTF_level,XAUUSD,68,-0.2724253791833765,0.9818,False,0.0
cascade_D1_H4_M15_scale_2R_then_HTF,XAUUSD,68,-0.2023093925247111,0.9432,False,0.0
cascade_D1_H4_M5_fixed_3R,XAUUSD,220,-0.103492979071744,0.8164,False,0.0
cascade_D1_H4_M5_HTF_level,XAUUSD,240,-0.1497052904767497,0.8868,False,0.0
cascade_D1_H4_M5_scale_2R_then_HTF,XAUUSD,240,-0.1688999765349439,0.9576,False,0.0
cascade_D1_H4_M1_fixed_3R,XAUUSD,1048,-0.4990014102077252,1.0,False,0.0
cascade_D1_H4_M1_HTF_level,XAUUSD,1107,-0.5400438367094816,1.0,False,0.0
cascade_D1_H4_M1_scale_2R_then_HTF,XAUUSD,1112,-0.520860809777844,1.0,False,0.0
cascade_D1_H1_M15_fixed_3R,XAUUSD,63,-0.2675345292289547,0.9124,False,0.0
cascade_D1_H1_M15_HTF_level,XAUUSD,70,-0.4351485406944158,0.998,False,0.0
cascade_D1_H1_M15_scale_2R_then_HTF,XAUUSD,70,-0.4288537914864861,0.9988,False,0.0
cascade_D1_H1_M5_fixed_3R,XAUUSD,222,-0.2526557584088248,0.9892,False,0.0
cascade_D1_H1_M5_HTF_level,XAUUSD,245,-0.2597612481006182,0.9818,False,0.0
cascade_D1_H1_M5_scale_2R_then_HTF,XAUUSD,245,-0.2607216197519141,0.9988,False,0.0
cascade_D1_H1_M1_fixed_3R,XAUUSD,1108,-0.502117502648108,1.0,False,0.0
cascade_D1_H1_M1_HTF_level,XAUUSD,1185,-0.5391580499446773,1.0,False,0.0
cascade_D1_H1_M1_scale_2R_then_HTF,XAUUSD,1192,-0.539205685283233,1.0,False,0.0
direct_W1_fixed_3R,XAUUSD,10,0.1611096585519193,0.3798,False,0.0
direct_W1_HTF_level,XAUUSD,9,-0.1943326594800463,0.7504,False,0.0
direct_W1_scale_2R_then_HTF,XAUUSD,9,-0.091747219391163,0.624,False,0.0
direct_D1_fixed_3R,XAUUSD,57,-0.1532859363124461,0.766,False,0.0
direct_D1_HTF_level,XAUUSD,60,-0.144425640911771,0.896,False,0.0
direct_D1_scale_2R_then_HTF,XAUUSD,60,-0.128099430038137,0.8658,False,0.0
cascade_W1_H4_M15_fixed_3R,EURUSD,8,0.4208942160955381,0.359,False,0.0
cascade_W1_H4_M15_HTF_level,EURUSD,9,-0.5416667350554364,0.9924,False,0.0
cascade_W1_H4_M15_scale_2R_then_HTF,EURUSD,9,-0.3156238513495747,0.8642,False,0.0
cascade_W1_H4_M5_fixed_3R,EURUSD,38,-0.1974749147161671,0.74,False,0.0
cascade_W1_H4_M5_HTF_level,EURUSD,38,-0.5909754935044882,0.9978,False,0.0
cascade_W1_H4_M5_scale_2R_then_HTF,EURUSD,38,-0.4412779406125842,0.9868,False,0.0
cascade_W1_H4_M1_fixed_3R,EURUSD,225,-0.6138299675073962,1.0,False,0.0
cascade_W1_H4_M1_HTF_level,EURUSD,207,-0.4017185886806049,0.9432,False,0.0
cascade_W1_H4_M1_scale_2R_then_HTF,EURUSD,207,-0.5151339037634051,0.9988,False,0.0
cascade_W1_H1_M15_fixed_3R,EURUSD,11,0.675071642871841,0.1782,False,0.0
cascade_W1_H1_M15_HTF_level,EURUSD,11,-0.340203506072703,0.8042,False,0.0
cascade_W1_H1_M15_scale_2R_then_HTF,EURUSD,11,-0.1388249568536439,0.6422,False,0.0
cascade_W1_H1_M5_fixed_3R,EURUSD,50,-0.220406784347099,0.8152,False,0.0
cascade_W1_H1_M5_HTF_level,EURUSD,51,-0.4619145507166166,0.9668,False,0.0
cascade_W1_H1_M5_scale_2R_then_HTF,EURUSD,51,-0.3954611072463099,0.9758,False,0.0
cascade_W1_H1_M1_fixed_3R,EURUSD,187,-0.6410161830102123,1.0,False,0.0
cascade_W1_H1_M1_HTF_level,EURUSD,182,0.098451910935115,0.4818,False,0.0
cascade_W1_H1_M1_scale_2R_then_HTF,EURUSD,182,-0.1832610838747896,0.7524,False,0.0
cascade_D1_H4_M15_fixed_3R,EURUSD,99,-0.4509859343703323,0.9976,False,0.0
cascade_D1_H4_M15_HTF_level,EURUSD,114,-0.4378543029630733,1.0,False,0.0
cascade_D1_H4_M15_scale_2R_then_HTF,EURUSD,114,-0.3929241875562148,1.0,False,0.0
cascade_D1_H4_M5_fixed_3R,EURUSD,318,-0.396792059118949,1.0,False,0.0
cascade_D1_H4_M5_HTF_level,EURUSD,376,-0.4258516186638004,1.0,False,0.0
cascade_D1_H4_M5_scale_2R_then_HTF,EURUSD,376,-0.3876104673545421,1.0,False,0.0
cascade_D1_H4_M1_fixed_3R,EURUSD,1352,-0.6945623626183232,1.0,False,0.0
cascade_D1_H4_M1_HTF_level,EURUSD,1309,-0.7394006636031792,1.0,False,0.0
cascade_D1_H4_M1_scale_2R_then_HTF,EURUSD,1372,-0.6987741625480011,1.0,False,0.0
cascade_D1_H1_M15_fixed_3R,EURUSD,82,-0.3536308610384758,0.9772,False,0.0
cascade_D1_H1_M15_HTF_level,EURUSD,88,-0.5031174782739166,1.0,False,0.0
cascade_D1_H1_M15_scale_2R_then_HTF,EURUSD,88,-0.4751169160762107,1.0,False,0.0
cascade_D1_H1_M5_fixed_3R,EURUSD,290,-0.3835695183415172,1.0,False,0.0
cascade_D1_H1_M5_HTF_level,EURUSD,313,-0.4254038094717759,1.0,False,0.0
cascade_D1_H1_M5_scale_2R_then_HTF,EURUSD,313,-0.3733738287968849,1.0,False,0.0
cascade_D1_H1_M1_fixed_3R,EURUSD,1313,-0.6799755986532372,1.0,False,0.0
cascade_D1_H1_M1_HTF_level,EURUSD,1245,-0.7349310048039295,1.0,False,0.0
cascade_D1_H1_M1_scale_2R_then_HTF,EURUSD,1362,-0.655049168902584,1.0,False,0.0
direct_W1_fixed_3R,EURUSD,7,0.1266189964390928,0.3568,False,0.0
direct_W1_HTF_level,EURUSD,11,0.2092113609995518,0.157,False,0.0
direct_W1_scale_2R_then_HTF,EURUSD,11,0.2092113609995518,0.157,False,0.0
direct_D1_fixed_3R,EURUSD,51,-0.2398489960465895,0.8668,False,0.0
direct_D1_HTF_level,EURUSD,55,-0.2746405110740156,0.9964,False,0.0
direct_D1_scale_2R_then_HTF,EURUSD,55,-0.2382903093501921,0.9886,False,0.0
cascade_W1_H4_M15_fixed_3R,GBPUSD,37,0.0341289256387608,0.46,False,0.0
cascade_W1_H4_M15_HTF_level,GBPUSD,37,0.1363527726414564,0.4634,False,0.0
cascade_W1_H4_M15_scale_2R_then_HTF,GBPUSD,37,-0.0008120503542095,0.5472,False,0.0
cascade_W1_H4_M5_fixed_3R,GBPUSD,111,-0.2373233904090919,0.9382,False,0.0
cascade_W1_H4_M5_HTF_level,GBPUSD,105,-0.2017446209942622,0.744,False,0.0
cascade_W1_H4_M5_scale_2R_then_HTF,GBPUSD,105,-0.2344892119996431,0.8664,False,0.0
cascade_W1_H4_M1_fixed_3R,GBPUSD,598,-0.6234270766762715,1.0,False,0.0
cascade_W1_H4_M1_HTF_level,GBPUSD,455,-0.5655523185989171,0.9922,False,0.0
cascade_W1_H4_M1_scale_2R_then_HTF,GBPUSD,455,-0.5682593106421587,1.0,False,0.0
cascade_W1_H1_M15_fixed_3R,GBPUSD,33,-0.0263908273828448,0.5344,False,0.0
cascade_W1_H1_M15_HTF_level,GBPUSD,35,-0.2053253092920501,0.778,False,0.0
cascade_W1_H1_M15_scale_2R_then_HTF,GBPUSD,35,-0.1201679385106752,0.7174,False,0.0
cascade_W1_H1_M5_fixed_3R,GBPUSD,96,-0.1064494237288686,0.7324,False,0.0
cascade_W1_H1_M5_HTF_level,GBPUSD,87,-0.6981007424776806,1.0,False,0.0
cascade_W1_H1_M5_scale_2R_then_HTF,GBPUSD,87,-0.4773590793876691,0.9998,False,0.0
cascade_W1_H1_M1_fixed_3R,GBPUSD,450,-0.3736276656387014,1.0,False,0.0
cascade_W1_H1_M1_HTF_level,GBPUSD,393,-0.6299621035157861,1.0,False,0.0
cascade_W1_H1_M1_scale_2R_then_HTF,GBPUSD,393,-0.5007006615568952,1.0,False,0.0
cascade_D1_H4_M15_fixed_3R,GBPUSD,97,-0.2151597685551443,0.902,False,0.0
cascade_D1_H4_M15_HTF_level,GBPUSD,106,-0.1981236378164992,0.9398,False,0.0
cascade_D1_H4_M15_scale_2R_then_HTF,GBPUSD,106,-0.1715852083845847,0.9402,False,0.0
cascade_D1_H4_M5_fixed_3R,GBPUSD,243,-0.405167852548247,0.9998,False,0.0
cascade_D1_H4_M5_HTF_level,GBPUSD,270,-0.3181992050945173,0.9966,False,0.0
cascade_D1_H4_M5_scale_2R_then_HTF,GBPUSD,270,-0.3090969890962918,1.0,False,0.0
cascade_D1_H4_M1_fixed_3R,GBPUSD,1241,-0.5302945470047178,1.0,False,0.0
cascade_D1_H4_M1_HTF_level,GBPUSD,1247,-0.5141925343623943,1.0,False,0.0
cascade_D1_H4_M1_scale_2R_then_HTF,GBPUSD,1249,-0.4979011839196691,1.0,False,0.0
cascade_D1_H1_M15_fixed_3R,GBPUSD,66,-0.2502164973689645,0.8952,False,0.0
cascade_D1_H1_M15_HTF_level,GBPUSD,76,-0.2720522968852699,0.9648,False,0.0
cascade_D1_H1_M15_scale_2R_then_HTF,GBPUSD,76,-0.2647934629045109,0.9726,False,0.0
cascade_D1_H1_M5_fixed_3R,GBPUSD,234,-0.3228616990983924,0.9976,False,0.0
cascade_D1_H1_M5_HTF_level,GBPUSD,238,-0.169040344249769,0.7932,False,0.0
cascade_D1_H1_M5_scale_2R_then_HTF,GBPUSD,238,-0.2101919322892219,0.936,False,0.0
cascade_D1_H1_M1_fixed_3R,GBPUSD,1070,-0.4242912084700681,1.0,False,0.0
cascade_D1_H1_M1_HTF_level,GBPUSD,1209,-0.4349682582513858,1.0,False,0.0
cascade_D1_H1_M1_scale_2R_then_HTF,GBPUSD,1209,-0.4283652937480948,1.0,False,0.0
direct_W1_fixed_3R,GBPUSD,12,0.0684902541235083,0.474,False,0.0
direct_W1_HTF_level,GBPUSD,13,0.1050242359436494,0.376,False,0.0
direct_W1_scale_2R_then_HTF,GBPUSD,13,0.0717826209040118,0.4062,False,0.0
direct_D1_fixed_3R,GBPUSD,56,0.032827827191567,0.4802,False,0.0
direct_D1_HTF_level,GBPUSD,63,-0.0377247950579683,0.6558,False,0.0
direct_D1_scale_2R_then_HTF,GBPUSD,63,-0.0259170705720966,0.6064,False,0.0
cascade_W1_H4_M15_fixed_3R,GBPJPY,9,0.007247428122729,0.4994,False,0.0
cascade_W1_H4_M15_HTF_level,GBPJPY,9,-0.5389469185447858,0.9792,False,0.0
cascade_W1_H4_M15_scale_2R_then_HTF,GBPJPY,9,-0.3148611721769656,0.8236,False,0.0
cascade_W1_H4_M5_fixed_3R,GBPJPY,23,-0.0551885690294954,0.5768,False,0.0
cascade_W1_H4_M5_HTF_level,GBPJPY,23,1.046764308198614,0.3612,False,0.0
cascade_W1_H4_M5_scale_2R_then_HTF,GBPJPY,23,0.4517192896055323,0.3644,False,0.0
cascade_W1_H4_M1_fixed_3R,GBPJPY,107,-0.6556223740602483,1.0,False,0.0
cascade_W1_H4_M1_HTF_level,GBPJPY,111,-0.6342302069343484,0.9274,False,0.0
cascade_W1_H4_M1_scale_2R_then_HTF,GBPJPY,111,-0.5836200579552223,0.9872,False,0.0
cascade_W1_H1_M15_fixed_3R,GBPJPY,11,-0.5454861253972045,0.9176,False,0.0
cascade_W1_H1_M15_HTF_level,GBPJPY,11,-0.7219561412293335,0.999,False,0.0
cascade_W1_H1_M15_scale_2R_then_HTF,GBPJPY,11,-0.5401936261919071,0.95,False,0.0
cascade_W1_H1_M5_fixed_3R,GBPJPY,27,-0.3798675104563102,0.8908,False,0.0
cascade_W1_H1_M5_HTF_level,GBPJPY,28,0.3265809112649309,0.3832,False,0.0
cascade_W1_H1_M5_scale_2R_then_HTF,GBPJPY,28,0.0420242139329167,0.5126,False,0.0
cascade_W1_H1_M1_fixed_3R,GBPJPY,205,-0.5464512307539989,1.0,False,0.0
cascade_W1_H1_M1_HTF_level,GBPJPY,202,-0.7402569995216793,0.9992,False,0.0
cascade_W1_H1_M1_scale_2R_then_HTF,GBPJPY,202,-0.6113737782146217,1.0,False,0.0
cascade_D1_H4_M15_fixed_3R,GBPJPY,103,-0.2534260536591634,0.9502,False,0.0
cascade_D1_H4_M15_HTF_level,GBPJPY,110,-0.1344171643348161,0.8504,False,0.0
cascade_D1_H4_M15_scale_2R_then_HTF,GBPJPY,110,-0.1128340927421438,0.8356,False,0.0
cascade_D1_H4_M5_fixed_3R,GBPJPY,335,-0.086569648039862,0.813,False,0.0
cascade_D1_H4_M5_HTF_level,GBPJPY,369,-0.3232592685844122,1.0,False,0.0
cascade_D1_H4_M5_scale_2R_then_HTF,GBPJPY,369,-0.2356680636059734,0.9998,False,0.0
cascade_D1_H4_M1_fixed_3R,GBPJPY,1466,-0.5723318449754756,1.0,False,0.0
cascade_D1_H4_M1_HTF_level,GBPJPY,1433,-0.585142422995263,1.0,False,0.0
cascade_D1_H4_M1_scale_2R_then_HTF,GBPJPY,1480,-0.5544198698050574,1.0,False,0.0
cascade_D1_H1_M15_fixed_3R,GBPJPY,75,0.0458115187331729,0.4382,False,0.0
cascade_D1_H1_M15_HTF_level,GBPJPY,77,-0.1368947085155571,0.8542,False,0.0
cascade_D1_H1_M15_scale_2R_then_HTF,GBPJPY,77,-0.0479982650979828,0.6642,False,0.0
cascade_D1_H1_M5_fixed_3R,GBPJPY,250,-0.0688414347988132,0.7434,False,0.0
cascade_D1_H1_M5_HTF_level,GBPJPY,278,-0.2196201951827202,0.9734,False,0.0
cascade_D1_H1_M5_scale_2R_then_HTF,GBPJPY,278,-0.1959640465472386,0.9902,False,0.0
cascade_D1_H1_M1_fixed_3R,GBPJPY,1419,-0.5240157801780971,1.0,False,0.0
cascade_D1_H1_M1_HTF_level,GBPJPY,1394,-0.5396595892001801,1.0,False,0.0
cascade_D1_H1_M1_scale_2R_then_HTF,GBPJPY,1452,-0.5081946523367282,1.0,False,0.0
direct_W1_fixed_3R,GBPJPY,5,-0.0370697516915684,0.6232,False,0.0
direct_W1_HTF_level,GBPJPY,6,-0.0751043671953155,0.6062,False,0.0
direct_W1_scale_2R_then_HTF,GBPJPY,6,-0.0751043671953155,0.6062,False,0.0
direct_D1_fixed_3R,GBPJPY,56,0.2561142380824859,0.1348,False,0.0
direct_D1_HTF_level,GBPJPY,65,-0.05586739880695,0.7158,False,0.0
direct_D1_scale_2R_then_HTF,GBPJPY,65,-0.0406342335624894,0.6512,False,0.0
cascade_W1_H4_M15_fixed_3R,WTIUSD,32,-0.171099204787219,0.7478,False,0.0
cascade_W1_H4_M15_HTF_level,WTIUSD,36,-0.2864805613750458,0.9052,False,0.0
cascade_W1_H4_M15_scale_2R_then_HTF,WTIUSD,36,-0.1664520280660961,0.8062,False,0.0
cascade_W1_H4_M5_fixed_3R,WTIUSD,89,-0.2884931669904663,0.9514,False,0.0
cascade_W1_H4_M5_HTF_level,WTIUSD,91,-0.2560397110676002,0.8244,False,0.0
cascade_W1_H4_M5_scale_2R_then_HTF,WTIUSD,91,-0.2819480294476322,0.9318,False,0.0
cascade_W1_H4_M1_fixed_3R,WTIUSD,321,-0.4835148102104865,1.0,False,0.0
cascade_W1_H4_M1_HTF_level,WTIUSD,314,-0.638455455793785,1.0,False,0.0
cascade_W1_H4_M1_scale_2R_then_HTF,WTIUSD,314,-0.5428910671598048,1.0,False,0.0
cascade_W1_H1_M15_fixed_3R,WTIUSD,33,-0.2462029002406003,0.8224,False,0.0
cascade_W1_H1_M15_HTF_level,WTIUSD,33,0.3810711426244945,0.3132,False,0.0
cascade_W1_H1_M15_scale_2R_then_HTF,WTIUSD,33,0.0623590370087888,0.4612,False,0.0
cascade_W1_H1_M5_fixed_3R,WTIUSD,96,-0.5170541671567142,0.9992,False,0.0
cascade_W1_H1_M5_HTF_level,WTIUSD,98,-0.5384518423654162,0.9968,False,0.0
cascade_W1_H1_M5_scale_2R_then_HTF,WTIUSD,98,-0.513830578268987,0.9994,False,0.0
cascade_W1_H1_M1_fixed_3R,WTIUSD,347,-0.4595713076119744,1.0,False,0.0
cascade_W1_H1_M1_HTF_level,WTIUSD,329,-0.2284761038348222,0.8432,False,0.0
cascade_W1_H1_M1_scale_2R_then_HTF,WTIUSD,329,-0.3414039734454213,0.9906,False,0.0
cascade_D1_H4_M15_fixed_3R,WTIUSD,75,-0.1771101870071797,0.828,False,0.0
cascade_D1_H4_M15_HTF_level,WTIUSD,89,-0.1316836117903339,0.8446,False,0.0
cascade_D1_H4_M15_scale_2R_then_HTF,WTIUSD,89,-0.1267523083551137,0.8604,False,0.0
cascade_D1_H4_M5_fixed_3R,WTIUSD,233,-0.2036586814999893,0.9718,False,0.0
cascade_D1_H4_M5_HTF_level,WTIUSD,254,-0.3172481113478652,1.0,False,0.0
cascade_D1_H4_M5_scale_2R_then_HTF,WTIUSD,254,-0.273338955433931,1.0,False,0.0
cascade_D1_H4_M1_fixed_3R,WTIUSD,967,-0.415411666504598,1.0,False,0.0
cascade_D1_H4_M1_HTF_level,WTIUSD,1084,-0.416667725025686,1.0,False,0.0
cascade_D1_H4_M1_scale_2R_then_HTF,WTIUSD,1084,-0.4160601253211617,1.0,False,0.0
cascade_D1_H1_M15_fixed_3R,WTIUSD,70,-0.4004708363696238,0.9828,False,0.0
cascade_D1_H1_M15_HTF_level,WTIUSD,75,-0.3309407080471121,0.9728,False,0.0
cascade_D1_H1_M15_scale_2R_then_HTF,WTIUSD,75,-0.3682371804842257,0.9942,False,0.0
cascade_D1_H1_M5_fixed_3R,WTIUSD,212,-0.1392539996278798,0.8864,False,0.0
cascade_D1_H1_M5_HTF_level,WTIUSD,230,-0.2610621338779448,0.995,False,0.0
cascade_D1_H1_M5_scale_2R_then_HTF,WTIUSD,230,-0.242672770671849,0.997,False,0.0
cascade_D1_H1_M1_fixed_3R,WTIUSD,858,-0.4010325648485662,1.0,False,0.0
cascade_D1_H1_M1_HTF_level,WTIUSD,911,-0.2994138206113164,0.9998,False,0.0
cascade_D1_H1_M1_scale_2R_then_HTF,WTIUSD,911,-0.3441905061336454,1.0,False,0.0
direct_W1_fixed_3R,WTIUSD,11,-0.2043537696696291,0.677,False,0.0
direct_W1_HTF_level,WTIUSD,13,-0.2371195828783651,0.8258,False,0.0
direct_W1_scale_2R_then_HTF,WTIUSD,13,-0.2371195828783651,0.8258,False,0.0
direct_D1_fixed_3R,WTIUSD,49,-0.2281872255061964,0.8658,False,0.0
direct_D1_HTF_level,WTIUSD,54,-0.1411507986349352,0.9106,False,0.0
direct_D1_scale_2R_then_HTF,WTIUSD,54,-0.1042922905217293,0.8294,False,0.0
