config_id,k,pooled,se,ci_lo,ci_hi,z,p_one_sided,Q,I2
cascade_W1_H4_M15_fixed_3R,5,0.003642052208988056,0.2014040919138042,-0.3911027142810629,0.398386818699039,0.01808330791286386,0.49278619706568727,1.1564866578848338,0.0
direct_W1_scale_2R_then_HTF,5,-0.00015287282830584635,0.13875982365238415,-0.2721171296881079,0.27181138403149624,-0.0011017081478052145,0.5004395178719107,2.1137060355902446,0.0
direct_W1_fixed_3R,5,-0.004433189784961511,0.3025896243767273,-0.5974979556588503,0.5886315760889272,-0.014650832109967335,0.5058446272824776,0.32047269682665314,0.0
direct_W1_HTF_level,5,-0.014084601090059738,0.1397933379768158,-0.2880745088032541,0.25990530662313466,-0.10075302080844235,0.5401267395228728,2.4967037241968653,0.0
direct_D1_fixed_3R,5,-0.08332427663907316,0.11512537466811834,-0.308965864695265,0.14231731141711867,-0.7237698628932075,0.7653964828942217,3.5039937123087923,0.0
direct_D1_scale_2R_then_HTF,5,-0.10118734647059588,0.055800785042288865,-0.21055487546254342,0.00818018252135165,-1.813367793910258,0.9651124432887743,2.7510130296748883,0.0
direct_D1_HTF_level,5,-0.1264914398075314,0.05472661828526267,-0.2337536406423174,-0.01922923897274538,-2.3113330180241425,0.9895927662007554,3.609809622787529,0.0
cascade_W1_H1_M15_fixed_3R,5,-0.15333565778744104,0.17850956950696423,-0.5032079849168404,0.19653666934195832,-0.8589772425699504,0.804823464179422,3.7038683400603305,0.0
cascade_W1_H4_M15_scale_2R_then_HTF,5,-0.1809770418183977,0.16165097825582267,-0.49780713726547754,0.13585305362868216,-1.1195542629627042,0.8685481224398235,2.35606254231704,0.0
cascade_D1_H4_M15_scale_2R_then_HTF,5,-0.20974110294620157,0.0652727317925524,-0.3376733064321469,-0.0818088994602563,-3.213303583076524,0.999343912432716,4.762541640483783,16.01123303577716
cascade_W1_H1_M15_scale_2R_then_HTF,5,-0.22747210396276907,0.16950093172120623,-0.5596878254823161,0.10474361755677791,-1.3420109355912766,0.9102037750324675,2.0288831185246083,0.0
cascade_W1_H4_M5_fixed_3R,5,-0.2309060041615164,0.1142158074001612,-0.4547648731309958,-0.007047135192037063,-2.0216641585566597,0.9783944705014084,0.37502363549547807,0.0
cascade_D1_H1_M5_fixed_3R,5,-0.2423685601284757,0.07098940101492501,-0.3815052294017999,-0.10323189085515153,-3.4141513615183126,0.9996800948984268,6.168531108183231,35.15474057197243
cascade_D1_H4_M5_fixed_3R,5,-0.2451762549907464,0.08484897359922952,-0.41147718737042616,-0.07887532261106667,-2.8895606462936962,0.9980710970723121,9.921014627703004,59.68154316766577
cascade_D1_H4_M15_HTF_level,5,-0.25090828646364416,0.0749744059335092,-0.3978554218556083,-0.10396115107168,-3.3465858560608184,0.9995909333011714,5.444832464847737,26.535847965491833
cascade_D1_H4_M15_fixed_3R,5,-0.2542617269371939,0.09096863197447853,-0.4325569693300506,-0.07596648454433719,-2.795048374570782,0.9974054025139651,2.809434465645,0.0
cascade_D1_H1_M15_fixed_3R,5,-0.2581637560890935,0.10029065880365422,-0.4547298353300506,-0.0615976768481363,-2.5741555511617293,0.9949757457357614,3.3816495312761545,0.0
cascade_D1_H1_M5_scale_2R_then_HTF,5,-0.2710848889329168,0.046557646831800026,-0.3623361999281802,-0.17983357793765342,-5.822564226930798,0.999999997102424,3.217002723792977,0.0
cascade_W1_H1_M5_fixed_3R,5,-0.28592955198180675,0.11997090139274907,-0.5210681979044012,-0.050790906059212354,-2.3833241949708985,0.9914214613576124,4.767067637203614,16.090974485387836
cascade_D1_H4_M5_scale_2R_then_HTF,5,-0.28596055533238385,0.04406794779208911,-0.3723321458774699,-0.1995889647872978,-6.489082647586286,0.9999999999568197,4.976127762042486,19.61621181610955
cascade_W1_H4_M5_scale_2R_then_HTF,5,-0.29987272851439034,0.12802217972727636,-0.5507915900021658,-0.048953867026614806,-2.342349811206187,0.9904186276001773,1.3529694471345861,0.0
cascade_D1_H1_M5_HTF_level,5,-0.30770738161301897,0.05551809849272954,-0.41652085514891635,-0.1988939080771216,-5.542469752513503,0.9999999850882533,3.8741621585511083,0.0
cascade_D1_H1_M15_scale_2R_then_HTF,5,-0.32529975810987705,0.09297452814924603,-0.5075264847620047,-0.14307303145774938,-3.4988051521777477,0.9997663260148364,8.006024881212372,50.037627170173494
cascade_D1_H4_M5_HTF_level,5,-0.3361064476582342,0.045702609027362256,-0.4256819153513794,-0.24653097996508905,-7.354207009429298,0.999999999999904,3.9922743769326896,0.0
cascade_D1_H1_M15_HTF_level,5,-0.34997882496647276,0.08364408894049559,-0.5139182268095092,-0.18603942312343635,-4.184142949006806,0.999985687802215,5.517700033287794,27.506026498933338
cascade_W1_H4_M5_HTF_level,5,-0.39386771221649175,0.1633636504344575,-0.7140545834510196,-0.07368084098196392,-2.4109874575465238,0.9920453022277131,2.811139497928937,0.0
cascade_W1_H4_M15_HTF_level,5,-0.40596825971142714,0.15821877618592717,-0.716071362713848,-0.0958651567090063,-2.565866514062546,0.9948540786817953,4.267217921570877,6.262110969774586
cascade_W1_H1_M15_HTF_level,5,-0.43665418663809197,0.18534692097406738,-0.7999274763926556,-0.07338089688352833,-2.355875049573583,0.9907604338406336,4.229818754357325,5.433300283152283
cascade_W1_H1_M5_scale_2R_then_HTF,5,-0.43917320610817306,0.09414032428031326,-0.6236848511905086,-0.2546615610258375,-4.665091282248892,0.9999984575996581,2.482167402000125,0.0
cascade_D1_H1_M1_scale_2R_then_HTF,5,-0.49641230481114795,0.06478813179803367,-0.6233947097609283,-0.3694298998613677,-7.662087037154144,0.9999999999999909,23.451303234933448,82.94337862621838
cascade_W1_H1_M1_scale_2R_then_HTF,5,-0.499244009866028,0.06601936232364362,-0.62863958230267,-0.36984843742938595,-7.562084702039495,0.9999999999999802,3.9163699721002385,0.0
cascade_W1_H1_M1_fixed_3R,5,-0.5051551023404525,0.05904474860781262,-0.6208806830879867,-0.3894295215929182,-8.555461988597779,1.0,5.459927847845462,26.7389586186851
cascade_D1_H1_M1_fixed_3R,5,-0.5081745674200269,0.05902059906128011,-0.6238528159261144,-0.3924963189139393,-8.610122152308174,1.0,21.17312195111987,81.10812373709284
cascade_D1_H1_M1_HTF_level,5,-0.5126877197373638,0.08693631132036699,-0.6830797588740449,-0.3422956806006827,-5.897279421576448,0.9999999981522811,21.87327499490084,81.71284363712114
cascade_W1_H4_M1_scale_2R_then_HTF,5,-0.5364554249726203,0.0652781644978648,-0.6643982763653166,-0.4085125735799241,-8.217991867558828,0.9999999999999999,0.8463880593635702,0.0
cascade_D1_H4_M1_scale_2R_then_HTF,5,-0.5365491546954315,0.056638416636050314,-0.6475584114434644,-0.42553989794739866,-9.473237187105939,1.0,20.307821192483928,80.30315531101668
cascade_D1_H4_M1_fixed_3R,5,-0.543918542290542,0.05368671145697528,-0.6491425631946075,-0.4386945213864766,-10.131344005423768,1.0,18.668880843512422,78.5739700546108
cascade_D1_H4_M1_HTF_level,5,-0.5598050542125956,0.06580914226215126,-0.6887886028998849,-0.4308215055253064,-8.50649370238876,1.0,16.34613662430747,75.52938598315755
cascade_W1_H1_M1_HTF_level,5,-0.5652951158282744,0.12444746845113139,-0.8092076719596766,-0.32138255969687224,-4.542439656378042,0.9999972196541623,5.120609062477294,21.8842924504601
cascade_W1_H4_M1_fixed_3R,5,-0.5815733334969805,0.048891952534204856,-0.6773997995978638,-0.4857468673960971,-11.895072774811176,1.0,2.182487456832951,0.0
cascade_W1_H4_M1_HTF_level,5,-0.5889292495322654,0.09011026438910535,-0.7655421223722941,-0.41231637669223675,-6.535651110612755,0.9999999999683333,2.256343008230045,0.0
cascade_W1_H1_M5_HTF_level,5,-0.5989981740769572,0.10224762035331608,-0.7993998274743813,-0.3985965206795331,-5.858309191031756,0.9999999976619827,3.451907588549103,0.0
