config_id,XAUUSD,EURUSD,GBPUSD,GBPJPY,WTIUSD
cascade_W1_H4_M15_fixed_3R,17,8,37,9,32
cascade_W1_H4_M15_HTF_level,17,9,37,9,36
cascade_W1_H4_M15_scale_2R_then_HTF,17,9,37,9,36
cascade_W1_H4_M5_fixed_3R,48,38,111,23,89
cascade_W1_H4_M5_HTF_level,46,38,105,23,91
cascade_W1_H4_M5_scale_2R_then_HTF,46,38,105,23,91
cascade_W1_H4_M1_fixed_3R,257,225,598,107,321
cascade_W1_H4_M1_HTF_level,202,207,455,111,314
cascade_W1_H4_M1_scale_2R_then_HTF,202,207,455,111,314
cascade_W1_H1_M15_fixed_3R,20,11,33,11,33
cascade_W1_H1_M15_HTF_level,19,11,35,11,33
cascade_W1_H1_M15_scale_2R_then_HTF,19,11,35,11,33
cascade_W1_H1_M5_fixed_3R,49,50,96,27,96
cascade_W1_H1_M5_HTF_level,48,51,87,28,98
cascade_W1_H1_M5_scale_2R_then_HTF,48,51,87,28,98
cascade_W1_H1_M1_fixed_3R,267,187,450,205,347
cascade_W1_H1_M1_HTF_level,214,182,393,202,329
cascade_W1_H1_M1_scale_2R_then_HTF,214,182,393,202,329
cascade_D1_H4_M15_fixed_3R,58,99,97,103,75
cascade_D1_H4_M15_HTF_level,68,114,106,110,89
cascade_D1_H4_M15_scale_2R_then_HTF,68,114,106,110,89
cascade_D1_H4_M5_fixed_3R,220,318,243,335,233
cascade_D1_H4_M5_HTF_level,240,376,270,369,254
cascade_D1_H4_M5_scale_2R_then_HTF,240,376,270,369,254
cascade_D1_H4_M1_fixed_3R,1048,1352,1241,1466,967
cascade_D1_H4_M1_HTF_level,1107,1309,1247,1433,1084
cascade_D1_H4_M1_scale_2R_then_HTF,1112,1372,1249,1480,1084
cascade_D1_H1_M15_fixed_3R,63,82,66,75,70
cascade_D1_H1_M15_HTF_level,70,88,76,77,75
cascade_D1_H1_M15_scale_2R_then_HTF,70,88,76,77,75
cascade_D1_H1_M5_fixed_3R,222,290,234,250,212
cascade_D1_H1_M5_HTF_level,245,313,238,278,230
cascade_D1_H1_M5_scale_2R_then_HTF,245,313,238,278,230
cascade_D1_H1_M1_fixed_3R,1108,1313,1070,1419,858
cascade_D1_H1_M1_HTF_level,1185,1245,1209,1394,911
cascade_D1_H1_M1_scale_2R_then_HTF,1192,1362,1209,1452,911
direct_W1_fixed_3R,10,7,12,5,11
direct_W1_HTF_level,9,11,13,6,13
direct_W1_scale_2R_then_HTF,9,11,13,6,13
direct_D1_fixed_3R,57,51,56,56,49
direct_D1_HTF_level,60,55,63,65,54
direct_D1_scale_2R_then_HTF,60,55,63,65,54
