symbol,is_start,oos_start,oos_end,best,is_r,is_n,oos_r,oos_n,oos_R_json,git_commit,code_hash,config_hash
XAUUSD,2015-01-01,2016-07-01,2017-01-01,"{""legacy_min_confluence_score"": 1, ""legacy_min_retracement"": 0.618}",-0.129,106,-0.51,24,"[-1.0763, -1.2144, -1.1679, 0.1023, -0.0832, -1.1013, 1.3497, 0.7491, -1.0854, -1.1809, 0.3178, 0.2289, -1.1051, -1.1896, -1.2132, -1.1137, 0.1378, 0.2264, -1.1825, -1.0301, 0.5613, 0.1098, -1.2087, -1.0796]",631f33d26a5b79e835b73061b3ef228c18b90a18,07f155612e0c70dc,8107e9a2fd31db6b
XAUUSD,2015-07-01,2017-01-01,2017-07-01,"{""legacy_min_confluence_score"": 1, ""legacy_min_retracement"": 0.786}",-0.14,58,-0.381,27,"[-0.0742, -1.1086, -0.1598, -1.2663, -1.1441, 0.5863, 2.3481, -1.1617, -1.2335, 0.2032, -1.1194, 4.7134, -1.0945, 0.8617, -1.7397, -1.1538, 0.4497, 0.3253, -1.1485, 0.0049, -0.3472, -1.1303, -1.0552, -1.2178, -1.1081, -1.202, -1.3117]",631f33d26a5b79e835b73061b3ef228c18b90a18,07f155612e0c70dc,8107e9a2fd31db6b
XAUUSD,2016-01-01,2017-07-01,2018-01-01,"{""legacy_min_confluence_score"": 1, ""legacy_min_retracement"": 0.618}",-0.126,90,-0.459,28,"[0.5134, -1.3854, 0.4427, -1.0818, -1.1321, -1.2281, -1.2225, 0.0062, 0.6997, -1.1462, -1.1206, -0.1922, -1.1051, 1.0819, 0.0796, 0.3344, -1.0871, -1.1059, -1.1846, -1.14, -0.0048, -1.1316, -1.4351, 0.1514, -0.0, 0.613, 1.1336, -1.2075]",631f33d26a5b79e835b73061b3ef228c18b90a18,07f155612e0c70dc,8107e9a2fd31db6b
XAUUSD,2016-07-01,2018-01-01,2018-07-01,"{""legacy_min_confluence_score"": 2, ""legacy_min_retracement"": 0.5}",-0.285,19,-0.17,8,"[-1.1285, 1.1295, 0.4607, -1.0719, -1.0951, 0.2464, 0.0045, 0.0964]",631f33d26a5b79e835b73061b3ef228c18b90a18,07f155612e0c70dc,8107e9a2fd31db6b
XAUUSD,2017-01-01,2018-07-01,2019-01-01,"{""legacy_min_confluence_score"": 1, ""legacy_min_retracement"": 0.618}",0.012,103,-0.308,28,"[0.932, -1.3106, -2.3583, 1.1722, -1.324, 0.1673, -0.3734, -1.1534, 0.4649, -1.1173, 0.144, 2.3757, 1.2959, -1.4276, 1.349, -0.0189, -1.0871, -1.8593, -1.293, -0.2765, -1.1046, -1.1326, -1.0804, 0.9075, -1.104, -1.2055, 0.8639, 0.922]",631f33d26a5b79e835b73061b3ef228c18b90a18,07f155612e0c70dc,8107e9a2fd31db6b
XAUUSD,2017-07-01,2019-01-01,2019-07-01,"{""legacy_min_confluence_score"": 1, ""legacy_min_retracement"": 0.786}",0.398,57,-0.153,18,"[0.6, -0.1967, -0.2427, 0.2673, 0.8784, -1.3306, -0.1732, 0.0547, -1.2619, 0.2762, -1.1408, -1.4222, -1.0989, 0.1664, -1.223, -1.0643, 3.5313, 0.6176]",631f33d26a5b79e835b73061b3ef228c18b90a18,07f155612e0c70dc,8107e9a2fd31db6b
XAUUSD,2018-01-01,2019-07-01,2020-01-01,"{""legacy_min_confluence_score"": 2, ""legacy_min_retracement"": 0.618}",-0.213,10,0.231,5,"[1.5068, -1.1478, 1.9797, -1.0992, -0.0863]",631f33d26a5b79e835b73061b3ef228c18b90a18,07f155612e0c70dc,8107e9a2fd31db6b
XAUUSD,2018-07-01,2020-01-01,2020-07-01,"{""legacy_min_confluence_score"": 1, ""legacy_min_retracement"": 0.786}",-0.13,60,-0.78,16,"[-1.2221, -1.1546, -1.0525, -1.0274, -1.02, 0.114, -0.0892, 0.1703, -1.1893, 0.3451, -1.0669, -1.0658, -1.0906, -1.0363, -1.0548, -1.042]",631f33d26a5b79e835b73061b3ef228c18b90a18,07f155612e0c70dc,8107e9a2fd31db6b
XAUUSD,2019-01-01,2020-07-01,2021-01-01,"{""legacy_min_confluence_score"": 2, ""legacy_min_retracement"": 0.5}",0.001,10,-1.024,2,"[-1.028, -1.0199]",631f33d26a5b79e835b73061b3ef228c18b90a18,07f155612e0c70dc,8107e9a2fd31db6b
XAUUSD,2019-07-01,2021-01-01,2021-07-01,"{""legacy_min_confluence_score"": 1, ""legacy_min_retracement"": 0.618}",0.832,77,-0.314,35,"[0.0775, -1.0236, -1.0243, -1.0552, -1.0471, -1.0474, -1.0643, 0.0611, 0.6009, 0.1132, -0.0977, -0.0142, 0.957, 1.1303, -1.0613, 5.6323, 0.3782, -0.0799, -1.0547, -1.0704, 0.1444, -1.0557, -0.0664, -1.0305, -1.0398, -1.1208, -1.0842, -0.1684, -1.0756, -1.2468, 0.4995, -1.0335, -1.0746, -1.0575, 0.1252]",631f33d26a5b79e835b73061b3ef228c18b90a18,07f155612e0c70dc,8107e9a2fd31db6b
XAUUSD,2020-01-01,2021-07-01,2022-01-01,"{""legacy_min_confluence_score"": 1, ""legacy_min_retracement"": 0.618}",0.085,80,-0.364,42,"[-1.1228, 0.7891, -1.0697, -1.049, 0.0298, -1.0823, 0.4864, 1.1646, -1.038, 0.8708, -1.1435, 0.3386, -1.1032, 2.047, -1.0582, 0.1962, 0.018, 0.0613, -1.1621, -1.0652, 0.1891, 0.446, -1.0892, 0.681, 0.2544, -1.2092, -1.0453, -1.1822, -1.0282, -1.0688, -1.0855, -0.0044, -0.0006, 0.1931, -1.0806, -1.1783, -1.084, -1.1489, -1.1296, 0.0306, 0.8146, 0.3373]",631f33d26a5b79e835b73061b3ef228c18b90a18,07f155612e0c70dc,8107e9a2fd31db6b
XAUUSD,2020-07-01,2022-01-01,2022-07-01,"{""legacy_min_confluence_score"": 2, ""legacy_min_retracement"": 0.618}",0.11,8,-0.336,3,"[0.0099, 0.0543, -1.0712]",631f33d26a5b79e835b73061b3ef228c18b90a18,07f155612e0c70dc,8107e9a2fd31db6b
EURUSD,2015-01-01,2016-07-01,2017-01-01,"{""legacy_min_confluence_score"": 1, ""legacy_min_retracement"": 0.5}",-0.088,110,-0.568,45,"[-1.1452, 0.9992, 0.0489, 0.2503, 1.213, -1.1431, 0.7093, 0.6085, -3.1617, -1.1535, -1.2261, -1.3753, -2.3941, -0.165, -1.3157, -1.2271, 0.4955, 0.2504, -0.2481, -1.1237, -1.3415, 0.5417, 0.0252, -1.2562, 0.6598, -0.1125, -0.0, -1.2005, -1.278, 0.3617, 0.6468, -1.2663, -1.2858, -0.0417, 0.294, -1.3234, -1.1275, 0.0474, 0.0047, -1.2554, -1.0992, -1.0775, -1.1244, -1.19, -1.0775]",631f33d26a5b79e835b73061b3ef228c18b90a18,07f155612e0c70dc,0f2616f794775d88
EURUSD,2015-07-01,2017-01-01,2017-07-01,"{""legacy_min_confluence_score"": 2, ""legacy_min_retracement"": 0.5}",0.073,19,-0.747,4,"[-1.3632, 0.738, -1.1257, -1.2378]",631f33d26a5b79e835b73061b3ef228c18b90a18,07f155612e0c70dc,0f2616f794775d88
EURUSD,2016-01-01,2017-07-01,2018-01-01,"{""legacy_min_confluence_score"": 1, ""legacy_min_retracement"": 0.618}",-0.261,99,-0.494,21,"[-1.2316, -0.1563, -1.0783, -1.1342, -1.1205, 4.1986, -1.0951, -1.0556, 2.0443, -0.0725, -0.1381, -1.1307, -0.0631, -1.2466, -0.091, -1.1608, -1.1265, -1.1261, -0.0758, -1.2419, -2.279]",631f33d26a5b79e835b73061b3ef228c18b90a18,07f155612e0c70dc,0f2616f794775d88
EURUSD,2016-07-01,2018-01-01,2018-07-01,"{""legacy_min_confluence_score"": 2, ""legacy_min_retracement"": 0.5}",-0.616,13,0.035,4,"[1.815, -1.1471, -1.0523, 0.5238]",631f33d26a5b79e835b73061b3ef228c18b90a18,07f155612e0c70dc,0f2616f794775d88
EURUSD,2017-01-01,2018-07-01,2019-01-01,"{""legacy_min_confluence_score"": 1, ""legacy_min_retracement"": 0.786}",-0.07,56,0.193,21,"[0.3092, 2.5005, 0.2783, -1.0938, 0.439, -0.2283, 2.3113, -1.1314, 0.2075, -0.0807, 0.9852, 0.2097, -1.1911, 1.7211, -0.0111, -1.0346, -1.1862, -0.3024, 0.9387, 1.5703, -1.1603]",631f33d26a5b79e835b73061b3ef228c18b90a18,07f155612e0c70dc,0f2616f794775d88
EURUSD,2017-07-01,2019-01-01,2019-07-01,"{""legacy_min_confluence_score"": 2, ""legacy_min_retracement"": 0.5}",0.17,11,-0.307,8,"[-1.1192, 0.7879, -1.2277, -1.1001, -0.0911, 0.7003, -1.0562, 0.6484]",631f33d26a5b79e835b73061b3ef228c18b90a18,07f155612e0c70dc,0f2616f794775d88
EURUSD,2018-01-01,2019-07-01,2020-01-01,"{""legacy_min_confluence_score"": 2, ""legacy_min_retracement"": 0.5}",-0.184,14,-0.563,2,"[-1.1518, 0.0264]",631f33d26a5b79e835b73061b3ef228c18b90a18,07f155612e0c70dc,0f2616f794775d88
EURUSD,2018-07-01,2020-01-01,2020-07-01,"{""legacy_min_confluence_score"": 1, ""legacy_min_retracement"": 0.786}",-0.195,55,-0.175,19,"[-0.2083, -1.2119, -0.1112, 0.1978, 6.7269, -0.9658, -1.2527, -1.1458, 0.0765, -1.08, -1.0794, 0.3539, -1.1294, -1.1274, -1.279, 0.2382, 0.3389, 0.4276, -1.0893]",631f33d26a5b79e835b73061b3ef228c18b90a18,07f155612e0c70dc,0f2616f794775d88
EURUSD,2019-01-01,2020-07-01,2021-01-01,"{""legacy_min_confluence_score"": 1, ""legacy_min_retracement"": 0.786}",-0.013,58,-0.399,17,"[-1.9029, 0.9264, -1.3318, -1.388, -1.1454, -1.0856, 0.9913, -1.1281, -0.1756, -1.076, -1.1192, -1.2297, -1.3391, -0.2848, -1.1203, 3.6294, 1.9994]",631f33d26a5b79e835b73061b3ef228c18b90a18,07f155612e0c70dc,0f2616f794775d88
EURUSD,2019-07-01,2021-01-01,2021-07-01,"{""legacy_min_confluence_score"": 1, ""legacy_min_retracement"": 0.618}",0.033,86,-0.098,29,"[3.619, -1.0673, 0.3084, -1.243, -1.2331, 2.5496, 0.37, -0.0674, -1.2564, -1.2555, 0.0449, 1.7389, -1.1159, 0.2017, -1.1393, -1.154, 0.1715, 0.0324, -0.0515, 1.3431, 1.0414, -1.0897, -1.9417, -1.035, -1.3569, 0.1392, -1.134, -2.3781, 4.1173]",631f33d26a5b79e835b73061b3ef228c18b90a18,07f155612e0c70dc,0f2616f794775d88
EURUSD,2020-01-01,2021-07-01,2022-01-01,"{""legacy_min_confluence_score"": 2, ""legacy_min_retracement"": 0.618}",0.791,12,0.344,6,"[-1.1222, -1.2017, 0.02, -1.2383, 5.8003, -0.1966]",631f33d26a5b79e835b73061b3ef228c18b90a18,07f155612e0c70dc,0f2616f794775d88
EURUSD,2020-07-01,2022-01-01,2022-07-01,"{""legacy_min_confluence_score"": 1, ""legacy_min_retracement"": 0.786}",0.431,66,-0.241,26,"[-0.4094, -1.1473, -1.2042, -0.114, 4.6673, 0.3351, -1.0769, -1.0631, -1.114, 2.9959, 2.9215, -1.4054, -1.1043, -1.2518, 0.1589, -1.1458, 0.6789, -1.0406, -0.0475, -1.1239, -1.0669, -1.0732, -0.0625, -0.2533, -1.1178, -1.2135]",631f33d26a5b79e835b73061b3ef228c18b90a18,07f155612e0c70dc,0f2616f794775d88
